{
  "parameter_search": {
    "mu=500_lambda=0.1": {
      "map": 0.006421770271969008,
      "ndcg": 0.0259832873384766,
      "p@5": 0.014222222222222223,
      "p@10": 0.012888888888888892,
      "p@20": 0.009111111111111115
    },
    "mu=500_lambda=0.3": {
      "map": 0.006421770271969008,
      "ndcg": 0.0259832873384766,
      "p@5": 0.014222222222222223,
      "p@10": 0.012888888888888892,
      "p@20": 0.009111111111111115
    },
    "mu=500_lambda=0.5": {
      "map": 0.006421770271969008,
      "ndcg": 0.0259832873384766,
      "p@5": 0.014222222222222223,
      "p@10": 0.012888888888888892,
      "p@20": 0.009111111111111115
    },
    "mu=500_lambda=0.7": {
      "map": 0.006421770271969008,
      "ndcg": 0.0259832873384766,
      "p@5": 0.014222222222222223,
      "p@10": 0.012888888888888892,
      "p@20": 0.009111111111111115
    },
    "mu=500_lambda=0.9": {
      "map": 0.006421770271969008,
      "ndcg": 0.0259832873384766,
      "p@5": 0.014222222222222223,
      "p@10": 0.012888888888888892,
      "p@20": 0.009111111111111115
    },
    "mu=1000_lambda=0.1": {
      "map": 0.006188266595013185,
      "ndcg": 0.025504633729233048,
      "p@5": 0.014222222222222223,
      "p@10": 0.012888888888888892,
      "p@20": 0.009333333333333336
    },
    "mu=1000_lambda=0.3": {
      "map": 0.006188266595013185,
      "ndcg": 0.025504633729233048,
      "p@5": 0.014222222222222223,
      "p@10": 0.012888888888888892,
      "p@20": 0.009333333333333336
    },
    "mu=1000_lambda=0.5": {
      "map": 0.006188266595013185,
      "ndcg": 0.025504633729233048,
      "p@5": 0.014222222222222223,
      "p@10": 0.012888888888888892,
      "p@20": 0.009333333333333336
    },
    "mu=1000_lambda=0.7": {
      "map": 0.006188266595013185,
      "ndcg": 0.025504633729233048,
      "p@5": 0.014222222222222223,
      "p@10": 0.012888888888888892,
      "p@20": 0.009333333333333336
    },
    "mu=1000_lambda=0.9": {
      "map": 0.006188266595013185,
      "ndcg": 0.025504633729233048,
      "p@5": 0.014222222222222223,
      "p@10": 0.012888888888888892,
      "p@20": 0.009333333333333336
    },
    "mu=2000_lambda=0.1": {
      "map": 0.006175920916000838,
      "ndcg": 0.025503839407599357,
      "p@5": 0.014222222222222223,
      "p@10": 0.012888888888888892,
      "p@20": 0.009333333333333336
    },
    "mu=2000_lambda=0.3": {
      "map": 0.006175920916000838,
      "ndcg": 0.025503839407599357,
      "p@5": 0.014222222222222223,
      "p@10": 0.012888888888888892,
      "p@20": 0.009333333333333336
    },
    "mu=2000_lambda=0.5": {
      "map": 0.006175920916000838,
      "ndcg": 0.025503839407599357,
      "p@5": 0.014222222222222223,
      "p@10": 0.012888888888888892,
      "p@20": 0.009333333333333336
    },
    "mu=2000_lambda=0.7": {
      "map": 0.006175920916000838,
      "ndcg": 0.025503839407599357,
      "p@5": 0.014222222222222223,
      "p@10": 0.012888888888888892,
      "p@20": 0.009333333333333336
    },
    "mu=2000_lambda=0.9": {
      "map": 0.006175920916000838,
      "ndcg": 0.025503839407599357,
      "p@5": 0.014222222222222223,
      "p@10": 0.012888888888888892,
      "p@20": 0.009333333333333336
    },
    "mu=3000_lambda=0.1": {
      "map": 0.006175920916000838,
      "ndcg": 0.025503839407599357,
      "p@5": 0.014222222222222223,
      "p@10": 0.012888888888888892,
      "p@20": 0.009333333333333336
    },
    "mu=3000_lambda=0.3": {
      "map": 0.006175920916000838,
      "ndcg": 0.025503839407599357,
      "p@5": 0.014222222222222223,
      "p@10": 0.012888888888888892,
      "p@20": 0.009333333333333336
    },
    "mu=3000_lambda=0.5": {
      "map": 0.006175920916000838,
      "ndcg": 0.025503839407599357,
      "p@5": 0.014222222222222223,
      "p@10": 0.012888888888888892,
      "p@20": 0.009333333333333336
    },
    "mu=3000_lambda=0.7": {
      "map": 0.006175920916000838,
      "ndcg": 0.025503839407599357,
      "p@5": 0.014222222222222223,
      "p@10": 0.012888888888888892,
      "p@20": 0.009333333333333336
    },
    "mu=3000_lambda=0.9": {
      "map": 0.006175920916000838,
      "ndcg": 0.025503839407599357,
      "p@5": 0.014222222222222223,
      "p@10": 0.012888888888888892,
      "p@20": 0.009333333333333336
    },
    "mu=4000_lambda=0.1": {
      "map": 0.006175920916000838,
      "ndcg": 0.025503839407599357,
      "p@5": 0.014222222222222223,
      "p@10": 0.012888888888888892,
      "p@20": 0.009333333333333336
    },
    "mu=4000_lambda=0.3": {
      "map": 0.006175920916000838,
      "ndcg": 0.025503839407599357,
      "p@5": 0.014222222222222223,
      "p@10": 0.012888888888888892,
      "p@20": 0.009333333333333336
    },
    "mu=4000_lambda=0.5": {
      "map": 0.006175920916000838,
      "ndcg": 0.025503839407599357,
      "p@5": 0.014222222222222223,
      "p@10": 0.012888888888888892,
      "p@20": 0.009333333333333336
    },
    "mu=4000_lambda=0.7": {
      "map": 0.006175920916000838,
      "ndcg": 0.025503839407599357,
      "p@5": 0.014222222222222223,
      "p@10": 0.012888888888888892,
      "p@20": 0.009333333333333336
    },
    "mu=4000_lambda=0.9": {
      "map": 0.006175920916000838,
      "ndcg": 0.025503839407599357,
      "p@5": 0.014222222222222223,
      "p@10": 0.012888888888888892,
      "p@20": 0.009333333333333336
    },
    "mu=5000_lambda=0.1": {
      "map": 0.006175920916000838,
      "ndcg": 0.025503839407599357,
      "p@5": 0.014222222222222223,
      "p@10": 0.012888888888888892,
      "p@20": 0.009333333333333336
    },
    "mu=5000_lambda=0.3": {
      "map": 0.006175920916000838,
      "ndcg": 0.025503839407599357,
      "p@5": 0.014222222222222223,
      "p@10": 0.012888888888888892,
      "p@20": 0.009333333333333336
    },
    "mu=5000_lambda=0.5": {
      "map": 0.006175920916000838,
      "ndcg": 0.025503839407599357,
      "p@5": 0.014222222222222223,
      "p@10": 0.012888888888888892,
      "p@20": 0.009333333333333336
    },
    "mu=5000_lambda=0.7": {
      "map": 0.006175920916000838,
      "ndcg": 0.025503839407599357,
      "p@5": 0.014222222222222223,
      "p@10": 0.012888888888888892,
      "p@20": 0.009333333333333336
    },
    "mu=5000_lambda=0.9": {
      "map": 0.006175920916000838,
      "ndcg": 0.025503839407599357,
      "p@5": 0.014222222222222223,
      "p@10": 0.012888888888888892,
      "p@20": 0.009333333333333336
    }
  },
  "best_parameters": {
    "mu": 500,
    "lambda": 0.1
  },
  "best_metrics": {
    "map": 0.006421770271969008,
    "ndcg": 0.0259832873384766,
    "p@5": 0.014222222222222223,
    "p@10": 0.012888888888888892,
    "p@20": 0.009111111111111115
  },
  "parameters_tested": {
    "mu_values": [
      500,
      1000,
      2000,
      3000,
      4000,
      5000
    ],
    "lambda_values": [
      0.1,
      0.3,
      0.5,
      0.7,
      0.9
    ]
  },
  "timestamp": "20250313_221037"
}